{"cameraMode":{"drawMode":0,"name":"Shaded","section":"Shading Mode"},"sceneLighting":true,"audioPlay":false,"sceneViewState":{"showFog":true,"showMaterialUpdate":false,"showSkybox":true,"showFlares":true,"showImageEffects":true,"showParticleSystems":true},"in2DMode":false,"pivot":{"x":0.11221212148666382,"y":0.13437151908874513,"z":0.09214834868907929},"rotation":{"x":-0.7193700671195984,"y":-0.01964576542377472,"z":0.01984349638223648,"w":-0.6943265795707703},"size":3.1847856044769289,"orthographic":false}