{"cameraMode":{"drawMode":0,"name":"Shaded","section":"Shading Mode"},"sceneLighting":true,"audioPlay":false,"sceneViewState":{"showFog":true,"showMaterialUpdate":false,"showSkybox":true,"showFlares":true,"showImageEffects":true,"showParticleSystems":true},"in2DMode":false,"pivot":{"x":1.3342798948287964,"y":3.9487595558166506,"z":3.6252553462982179},"rotation":{"x":0.13737764954566956,"y":-0.12594199180603028,"z":0.01746382750570774,"w":0.9825486540794373},"size":7.741756916046143,"orthographic":true}