{"cameraMode":{"drawMode":0,"name":"Shaded","section":"Shading Mode"},"sceneLighting":true,"audioPlay":false,"sceneViewState":{"showFog":true,"showMaterialUpdate":false,"showSkybox":true,"showFlares":true,"showImageEffects":true,"showParticleSystems":true},"in2DMode":false,"pivot":{"x":1.3342798948287964,"y":3.9487595558166506,"z":3.6252553462982179},"rotation":{"x":0.018228724598884584,"y":0.6804935336112976,"z":-0.016965044662356378,"w":0.7326211333274841},"size":7.741756916046143,"orthographic":true}