{"cameraMode":{"drawMode":0,"name":"Shaded","section":"Shading Mode"},"sceneLighting":true,"audioPlay":false,"sceneViewState":{"showFog":true,"showMaterialUpdate":false,"showSkybox":true,"showFlares":true,"showImageEffects":true,"showParticleSystems":true},"in2DMode":false,"pivot":{"x":-13.632883071899414,"y":0.15154170989990235,"z":-0.562454342842102},"rotation":{"x":-0.029262909665703775,"y":0.7801335453987122,"z":-0.03689471259713173,"w":-0.6240689754486084},"size":16.531288146972658,"orthographic":false}